﻿<DataObject comparison="Ordinal">
  <Section id="">
    <Subsections>
      <Section id="General">
        <Subsections />
        <Entries>
          <Entry key="ElapsedTime">
            <double>3.5653080999999998</double>
          </Entry>
          <Entry key="StartedAt">
            <dateTime>2021-08-31T23:14:57.1871624+03:00</dateTime>
          </Entry>
          <Entry key="EndedAt">
            <dateTime>2021-08-31T23:15:00.7524705+03:00</dateTime>
          </Entry>
          <Entry key="ReplayStatus">
            <LastReplayRunStatus>Failed</LastReplayRunStatus>
          </Entry>
          <Entry key="NumberOfReplayErrors">
            <int>7</int>
          </Entry>
          <Entry key="NumberOfReplayCriticalErrors">
            <int>3</int>
          </Entry>
          <Entry key="NumberOfCompilationErrors">
            <int>0</int>
          </Entry>
        </Entries>
      </Section>
    </Subsections>
    <Entries>
      <Entry key="Iterations">
        <int>1</int>
      </Entry>
    </Entries>
  </Section>
</DataObject>