[
    {
        "stepId": "STEP1",
        "stepName": "Url: webtours",
        "infFile": "t2.inf",
        "time": 1630435629836
    },
    {
        "stepId": "STEP2",
        "stepName": "Submit Form: login.pl",
        "infFile": "t3.inf",
        "time": 1630435630710
    },
    {
        "stepId": "STEP3",
        "stepName": "Image: Search Flights Button",
        "infFile": "t4.inf",
        "time": 1630435631263
    },
    {
        "stepId": "STEP4",
        "stepName": "Submit Form: reservations.pl",
        "infFile": "t5.inf",
        "time": 1630435631390
    }
]