[
    {
        "stepId": "STEP1",
        "stepName": "Url: webtours",
        "infFile": "t2.inf",
        "time": 1630442816075
    },
    {
        "stepId": "STEP2",
        "stepName": "Submit Form: login.pl",
        "infFile": "t3.inf",
        "time": 1630442816361
    },
    {
        "stepId": "STEP3",
        "stepName": "Image: Search Flights Button",
        "infFile": "t4.inf",
        "time": 1630442816649
    },
    {
        "stepId": "STEP4",
        "stepName": "Submit Data: reservations.pl",
        "infFile": "t6.inf",
        "time": 1630442816872
    },
    {
        "stepId": "STEP5",
        "stepName": "Submit Form: reservations.pl_2",
        "infFile": "t7.inf",
        "time": 1630442817067
    },
    {
        "stepId": "STEP6",
        "stepName": "Submit Form: reservations.pl_3",
        "infFile": "t8.inf",
        "time": 1630442817438
    },
    {
        "stepId": "STEP7",
        "stepName": "Url: welcome.pl",
        "infFile": "t9.inf",
        "time": 1630442817772
    }
]