[
    {
        "transactionName": "Login",
        "rawStartTime": 1630442814732,
        "rawEndTime": 1630442816378
    },
    {
        "transactionName": "Search_Ticket",
        "rawStartTime": 1630442816422,
        "rawEndTime": 1630442817081
    },
    {
        "transactionName": "Buy_Ticket",
        "rawStartTime": 1630442817115,
        "rawEndTime": 1630442817447
    },
    {
        "transactionName": "Logout",
        "rawStartTime": 1630442817479,
        "rawEndTime": 1630442817782
    },
    {
        "transactionName": "megatransaction",
        "rawStartTime": 1630442814634,
        "rawEndTime": 1630442817797
    }
]