[
    {
        "stepId": "STEP1",
        "stepName": "Url: webtours_3",
        "infFile": "t2.inf",
        "time": 1630429353036
    },
    {
        "stepId": "STEP2",
        "stepName": "Url: header.html_2",
        "infFile": "t3.inf",
        "time": 1630429353079
    },
    {
        "stepId": "STEP3",
        "stepName": "Url: welcome.pl_2",
        "infFile": "t4.inf",
        "time": 1630429353206
    },
    {
        "stepId": "STEP4",
        "stepName": "Submit Form: login.pl",
        "infFile": "t5.inf",
        "time": 1630429353447
    },
    {
        "stepId": "STEP5",
        "stepName": "Url: welcome.pl_5",
        "infFile": "t6.inf",
        "time": 1630429353785
    }
]